"","month","MarketR","MarketR_e","rfmonth","ret","ret_e","marketret3","marketret6","marketret12","Q"
"1",Jan 1991,0.029998,0.036554,0.00693,0.023068,0.029624,-0.0841273939955044,-0.30566165133484,0.254049066411358,1991 Q1
"2",Feb 1991,0.010203,0.02186,0.00693,0.003273,0.01493,-0.183573387813982,-0.384745095328146,0.241491984307626,1991 Q1
"3",Mar 1991,-0.099663,-0.060425,0.00693,-0.106593,-0.067355,-0.252928253914484,-0.44504925920933,0.288857070848239,1991 Q1
"4",Apr 1991,-0.079652,-0.031449,0.00665066666666667,-0.0863026666666667,-0.0380996666666667,-0.234775981408477,-0.39493659989067,0.691749077035885,1991 Q2
"5",May 1991,-0.074521,0.005375,0.006092,-0.080613,-0.000717,-0.23629373501934,0.181672791139445,1.5427008257435,1991 Q2
"6",Jun 1991,-0.079348,0.035102,0.006092,-0.08544,0.02901,-0.244460484084694,0.45851008654955,3.74768873855369,1991 Q2
"7",Jul 1991,-0.082097,0.020188,0.006092,-0.088189,0.014096,-0.198735291985302,0.777344476599878,3.60401973802441,1991 Q3
"8",Aug 1991,-0.084185,0.033716,0.006092,-0.090277,0.027624,0.539975354417823,0.978375217092249,4.2079181157174,1991 Q3
"9",Sep 1991,-0.024954,0.012781,0.006092,-0.031046,0.006689,0.914124369256741,1.264394708438,3.85033142132728,1991 Q3
"10",Oct 1991,0.745162,0.630702,0.006092,0.73907,0.62461,1.19530447294989,1.71347915751972,3.56548433878648,1991 Q4
"11",Nov 1991,0.135694,0.171379,0.006092,0.129602,0.165287,0.274949452817129,1.11117583213071,1.06712727393986,1991 Q4
"12",Dec 1991,0.116915,0.130516,0.006092,0.110823,0.124424,0.172553562885107,2.18782485332011,1.09938444359831,1991 Q4
"13",Jan 1992,0.019601,0.094804,0.006092,0.013509,0.088712,0.224148589563601,1.54196236603756,1.08616799870013,1992 Q1
"14",Feb 1992,0.045779,0.214213,0.006092,0.039687,0.208121,0.642655949935421,1.58434658366587,1.69056243211811,1992 Q1
"15",Mar 1992,0.165303,0.103527,0.006092,0.159211,0.097435,1.68950286987134,1.10319451875644,1.98422684803967,1992 Q1
"16",Apr 1992,0.36302,0.279116,0.006092,0.356928,0.273024,1.05726680614891,0.650191734915337,1.05144696367321,1992 Q2
"17",May 1992,0.704865,1.517747,0.006092,0.698773,1.511655,0.559813002575623,-0.0397003752132434,0.734084090811504,1992 Q2
"18",Jun 1992,-0.106771,-0.053929,0.006092,-0.112863,-0.060021,-0.227990831823236,-0.362685306038604,-0.240253265319108,1992 Q2
"19",Jul 1992,0.036357,0.02562,0.006092,0.030265,0.019528,-0.205484900563742,-0.198916841108931,-0.158345584675448,1992 Q3
"20",Aug 1992,-0.146167,-0.162803,0.006092,-0.152259,-0.168895,-0.38639383867092,0.0180874907645845,-0.284519261860029,1992 Q3
"21",Sep 1992,-0.081337,-0.089883,0.006092,-0.087429,-0.095975,-0.165109840533332,0.39250860941848,-0.0863987785975624,1992 Q3
"22",Oct 1992,-0.194281,-0.251118,0.006092,-0.200373,-0.25721,0.0127277552163607,0.223507025508376,-0.0291802201695535,1992 Q4
"23",Nov 1992,0.152791,0.231836,0.006092,0.146699,0.225744,0.651250407266914,0.777268782795361,0.136809186914466,1992 Q4
"24",Dec 1992,0.110128,0.2626,0.006092,0.104036,0.256508,0.657059715199289,0.201874150879513,0.111881890455908,1992 Q4
"25",Jan 1993,0.304664,0.407491,0.006092,0.298572,0.401399,0.204191746613719,0.0576857886979154,-0.132968250440325,1993 Q1
"26",Feb 1993,0.156802,0.186231,0.006092,0.15071,0.180139,0.0683043086709505,-0.287485643685378,-0.458509763598054,1993 Q1
"27",Mar 1993,-0.189936,-0.242968,0.006092,-0.196028,-0.24906,-0.279164056473163,-0.347094105862034,-0.533393306994003,1993 Q1
"28",Apr 1993,0.159653,0.364741,0.006092,0.153561,0.358649,-0.123232940713972,-0.208747340231691,-0.470392339535743,1993 Q2
"29",May 1993,-0.212343,-0.239462,0.00677967741935484,-0.219122677419355,-0.246241677419355,-0.328825046278684,-0.374217420039843,-0.650114093597663,1993 Q2
"30",Jun 1993,-0.017832,0.026466,0.007346,-0.025178,0.01912,-0.0825491664834336,-0.080990225141199,-0.565798039932408,1993 Q2
"31",Jul 1993,-0.10324,-0.114476,0.00827609677419355,-0.111516096774194,-0.122752096774194,-0.0917583632097823,-0.176615084655997,-0.650628508842161,1993 Q3
"32",Aug 1993,0.069508,0.06325,0.008719,0.060789,0.054531,-0.052924557576101,-0.206467525200509,-0.727543763978084,1993 Q3
"33",Sep 1993,-0.025978,-0.00814,0.008719,-0.034697,-0.016859,0.00396720042308574,-0.240662474402813,-0.366348663775977,1993 Q3
"34",Oct 1993,-0.065529,-0.066423,0.008719,-0.074248,-0.075142,-0.0882441300920361,-0.298881877290932,-0.302584009880923,1993 Q4
"35",Nov 1993,0.132013,0.186507,0.008719,0.123294,0.177788,-0.1562943851747,-0.378906789817868,-0.412983026186635,1993 Q4
"36",Dec 1993,-0.113148,-0.140081,0.008719,-0.121867,-0.1488,-0.237524780180558,-0.495040763180778,-0.477161544311084,1993 Q4
"37",Jan 1994,-0.133313,-0.111667,0.008719,-0.142032,-0.120386,-0.222044692144398,-0.530095297261078,-0.435815994778071,1994 Q1
"38",Feb 1994,0.02633,0.031997,0.008719,0.017611,0.023278,-0.251109801565907,-0.6021686231786,-0.422584300327816,1994 Q1
"39",Mar 1994,-0.095745,-0.056209,0.008719,-0.104464,-0.064928,-0.318495573554547,-0.138801440735835,-0.449627957684132,1994 Q1
"40",Apr 1994,-0.164631,-0.154873,0.008719,-0.17335,-0.163592,-0.375701079721049,0.0162716840212862,-0.284175210650912,1994 Q2
"41",May 1994,-0.062877,-0.073264,0.008719,-0.071596,-0.081983,-0.444271641281658,-0.02048292213838,-0.224552324094837,1994 Q2
"42",Jun 1994,-0.168819,-0.186209,0.008719,-0.177538,-0.194928,0.265716183633322,0.0794157471252035,0.000585085234562355,1994 Q2
"43",Jul 1994,-0.252664,-0.279728,0.008719,-0.261383,-0.288447,0.617635458064409,0.234292572029826,0.111194045164754,1994 Q3
"44",Aug 1994,1.080105,1.220033,0.008719,1.071386,1.211314,0.748154288757036,0.469269492076722,0.635728029863853,1994 Q3
"45",Sep 1994,0.057563,0.116156,0.008719,0.048844,0.107437,-0.149610142550128,-0.331711309859582,-0.228887819305237,1994 Q3
"46",Oct 1994,-0.193333,-0.180098,0.008719,-0.202052,-0.188817,-0.243086676597586,-0.281673199898319,-0.281451677195991,1994 Q4
"47",Nov 1994,0.027751,0.030184,0.008719,0.019032,0.021465,-0.168283266704339,-0.196492959718592,-0.073187992897749,1994 Q4
"48",Dec 1994,-0.055188,-0.050513,0.008719,-0.063907,-0.059232,-0.203191784245082,-0.0733322030506784,-0.184697553172967,1994 Q4
"49",Jan 1995,-0.116298,-0.125837,0.008719,-0.125017,-0.134556,-0.0410730805364796,-0.105318986258428,-0.244506909799334,1995 Q1
"50",Feb 1995,-0.014059,-0.013693,0.008719,-0.022778,-0.022412,-0.0276999752745153,0.0928379511205348,-0.16699646569358,1995 Q1
"51",Mar 1995,0.130882,0.146959,0.008719,0.122163,0.13824,0.164263774390003,0.167036033317211,-0.121024202271022,1995 Q1
"52",Apr 1995,-0.104304,-0.101424,0.008719,-0.113023,-0.110143,-0.0641036761217559,0.0198005166353854,-0.228281520399951,1995 Q2
"53",May 1995,0.175455,0.199416,0.008719,0.166736,0.190697,0.121428397563457,0.156143449108172,0.208097206980909,1995 Q2
"54",Jun 1995,-0.086022,-0.08217,0.008719,-0.094741,-0.090889,-0.00131185539301515,-0.109622040951048,0.00644069764041522,1995 Q2
"55",Jul 1995,0.06839,0.06656,0.008719,0.059671,0.057841,0.0889506510164295,-0.140860571762445,0.371767862596827,1995 Q3
"56",Aug 1995,0.049759,0.034462,0.008719,0.04104,0.025743,0.0274531167671734,-0.231001438477992,0.503119951239534,1995 Q3
"57",Sep 1995,-0.005542,-0.012806,0.008719,-0.014261,-0.021525,-0.105627091311971,-0.243334996205797,0.442032804138797,1995 Q3
"58",Oct 1995,0.009481,0.011573,0.008719,0.000762,0.002854,-0.20815088174542,-0.232132779288122,0.549260052603273,1995 Q4
"59",Nov 1995,-0.082806,-0.065485,0.008719,-0.091525,-0.074204,-0.245937913091997,0.036048886366888,0.902131278612026,1995 Q4
"60",Dec 1995,-0.116272,-0.118952,0.008719,-0.124991,-0.127671,-0.146532275011673,0.129011336360537,1.29777058267434,1995 Q4
"61",Jan 1996,-0.037138,-0.042945,0.008719,-0.045857,-0.051664,-0.0225970399661062,0.569529033451107,1.13488264785159,1996 Q1
"62",Feb 1996,0.034017,0.027682,0.008719,0.025298,0.018963,0.369628878589281,0.906396062120232,1.42753853263726,1996 Q1
"63",Mar 1996,0.008209,0.003864,0.008719,-0.00051,-0.004855,0.317331550075846,0.860214957245797,1.48882003701511,1996 Q1
"64",Apr 1996,0.339096,0.336197,0.008719,0.330377,0.327478,0.590422292918921,0.963958664792518,1.99561574440882,1996 Q2
"65",May 1996,-0.005754,-0.061895,0.007346,-0.0131,-0.069241,0.378621623660714,0.793542167455578,1.50184324962863,1996 Q2
"66",Jun 1996,0.212278,0.154448,0.007346,0.204932,0.147102,0.399280529899128,0.985186400253169,1.29249507792063,1996 Q2
"67",Jul 1996,0.162216,0.186111,0.007346,0.15487,0.178765,0.223945801617,0.335240754592623,0.905982784925701,1996 Q3
"68",Aug 1996,0.008632,-0.015366,0.00696161290322581,0.00167038709677419,-0.0223276129032258,0.291028454527414,0.249041692278382,0.511048460942444,1996 Q3
"69",Sep 1996,0.061561,0.05249,0.006022,0.055539,0.046468,0.407186477728713,0.312992745369788,0.482138231009581,1996 Q3
"70",Oct 1996,0.223615,0.264427,0.006022,0.217593,0.258405,0.0861649094022183,0.496040620376953,0.227525572816623,1996 Q4
"71",Nov 1996,0.097325,0.123936,0.006022,0.091303,0.117914,-0.0360844544512636,0.370073694980034,0.140908057793791,1996 Q4
"72",Dec 1996,-0.177525,-0.173844,0.006022,-0.183547,-0.179866,-0.0712762005674586,0.133874392231452,-0.0186342531394066,1996 Q4
"73",Jan 1997,0.088162,0.08193,0.006022,0.08214,0.075908,0.369731868669896,0.406362202624464,0.275819911398915,1997 Q1
"74",Feb 1997,0.058004,0.071815,0.006022,0.051982,0.065793,0.4142326608873,0.196528902205966,0.198534910368962,1997 Q1
"75",Mar 1997,0.205534,0.200103,0.006022,0.199512,0.194081,0.218023336951043,0.116817028286783,0.103039718231717,1997 Q1
"76",Apr 1997,0.123052,0.085358,0.006022,0.11703,0.079336,0.021550763444707,-0.187059483188609,-0.0739502157683415,1997 Q2
"77",May 1997,-0.08692,-0.107037,0.006022,-0.092942,-0.113059,-0.157240460579069,-0.172441870147255,-0.101674747968798,1997 Q2
"78",Jun 1997,0.013935,-0.00838,0.006022,0.007913,-0.014402,-0.0850744425416494,-0.13426730372046,0.0493333471409034,1997 Q2
"79",Jul 1997,-0.070068,-0.040285,0.006022,-0.07609,-0.046307,-0.201016399691969,-0.0998522775312608,-0.0318280180161874,1997 Q3
"80",Aug 1997,-0.010383,0.004033,0.006022,-0.016405,-0.001989,-0.0144133886192315,-0.00345501111282132,0.033596110576986,1997 Q3
"81",Sep 1997,-0.112051,-0.102766,0.006022,-0.118073,-0.108788,-0.0512312401440475,-0.0150261409837409,-0.0867185678692751,1997 Q3
"82",Oct 1997,0.141814,0.126811,0.00561090322580645,0.136203096774194,0.121200096774194,0.127464173850953,0.139492380999483,0.118592520366736,1997 Q4
"83",Nov 1997,-0.04811,-0.037561,0.004606,-0.052716,-0.042167,0.0111212536445939,0.0874154076326759,-0.0356028819690428,1997 Q4
"84",Dec 1997,0.051044,0.068565,0.004606,0.046438,0.063959,0.0382514372910006,0.207927472835015,0.0414593565208345,1997 Q4
"85",Jan 1998,0.024513,0.03137,0.004606,0.019907,0.026764,0.00898941789988594,0.0757353355933734,-0.0966855927574871,1998 Q1
"86",Feb 1998,-0.022915,-0.004114,0.004606,-0.027521,-0.00872,0.0742872784127433,0.0361143066925842,-0.123445544174886,1998 Q1
"87",Mar 1998,0.021731,0.03672,0.00452538709677419,0.0172056129032258,0.0321946129032258,0.160793054175647,-0.0702298576337027,-0.141105530113594,1998 Q1
"88",Apr 1998,0.08956,0.118206,0.004249,0.085311,0.113957,0.0651461734772611,-0.0208329504581883,-0.101498094617737,1998 Q2
"89",May 1998,0.054468,0.092129,0.004249,0.050219,0.08788,-0.0359438584279518,-0.112243426993347,-0.209025492092155,1998 Q2
"90",Jun 1998,-0.061762,-0.049834,0.004249,-0.066011,-0.054083,-0.198458579269177,-0.138814518673219,-0.15922340849922,1998 Q2
"91",Jul 1998,-0.012984,-0.008508,0.003891,-0.016875,-0.012399,-0.0804701017795836,-0.157963479903103,0.243881334988383,1998 Q3
"92",Aug 1998,-0.121413,-0.116268,0.003891,-0.125304,-0.120159,-0.0777047069001482,-0.150973628597671,0.179244296985813,1998 Q3
"93",Sep 1998,0.073882,0.112156,0.003891,0.069991,0.108265,0.0761653359017116,-0.0726420437561599,0.359595658601989,1998 Q3
"94",Oct 1998,-0.010053,0.005904,0.003891,-0.013944,0.002013,-0.082257667725845,-0.0799314692386479,0.233745553010756,1998 Q4
"95",Nov 1998,0.023326,0.012519,0.003891,0.019435,0.008628,-0.0775905301730498,-0.103690540719325,0.187213565192016,1998 Q4
"96",Dec 1998,-0.083139,-0.088722,0.00325067741935484,-0.0863896774193548,-0.0919726774193548,-0.137449423525566,-0.0200962844155633,0.109324856776046,1998 Q4
"97",Jan 1999,-0.005931,-0.007539,0.003097,-0.009028,-0.010636,0.0033298581225798,0.46784189287583,0.153625004716638,1999 Q1
"98",Feb 1999,-0.043227,-0.04263,0.003097,-0.046324,-0.045727,-0.0272084763079878,0.381938964077229,0.353339114398235,1999 Q1
"99",Mar 1999,0.064716,0.093099,0.003097,0.061619,0.090002,0.136044424491456,0.456802482309731,0.593184478136033,1999 Q1
"100",Apr 1999,-0.035909,-0.039901,0.003097,-0.039006,-0.042998,0.458681742685592,0.33469441517234,0.581081456250603,1999 Q2
"101",May 1999,0.115814,0.091436,0.003097,0.112717,0.088339,0.416799275336725,0.319032255537452,0.663872139403774,1999 Q2
"102",Jun 1999,0.363823,0.32984,0.0022283,0.3615947,0.3276117,0.27934198590957,0.129811083591907,0.531825405223524,1999 Q2
"103",Jul 1999,-0.064251,-0.044139,0.001856,-0.066107,-0.045995,-0.0862542718083272,-0.215019178063338,0.144502083916864,1999 Q3
"104",Aug 1999,0.007129,0.032656,0.001856,0.005273,0.0308,-0.0702895033523759,-0.0235054294645863,0.278563822961754,1999 Q3
"105",Sep 1999,-0.024507,-0.02228,0.001856,-0.026363,-0.024136,-0.117552222223659,0.0891710656594105,0.26329409740528,1999 Q3
"106",Oct 1999,-0.048001,-0.037246,0.001856,-0.049857,-0.039102,-0.139541381437938,0.179899717293124,0.23598970816294,1999 Q4
"107",Nov 1999,-0.043764,-0.027602,0.001856,-0.04562,-0.029458,0.0504402178229273,0.256238247913342,0.331464553666796,1999 Q4
"108",Dec 1999,-0.048662,-0.055729,0.001856,-0.050518,-0.057585,0.233528079777567,0.350947010382428,0.470138118960017,1999 Q4
"109",Jan 2000,0.160838,0.140568,0.001856,0.158982,0.138712,0.369752704773729,0.454585679198145,0.543185541139668,2000 Q1
"110",Feb 2000,0.122024,0.128347,0.001856,0.120168,0.126491,0.194614626547881,0.306102686194855,0.312228744404739,2000 Q1
"111",Mar 2000,0.055926,0.104864,0.001856,0.05407,0.103008,0.0937096519928837,0.157335401500004,0.096404506335618,2000 Q1
"112",Apr 2000,0.013014,0.015806,0.001856,0.011158,0.01395,0.0601821417303279,0.0454016251814491,0.117583603790006,2000 Q2
"113",May 2000,0.027691,0.039638,0.001856,0.025835,0.037782,0.0919872353829045,0.0570917442392289,0.0967990162885328,2000 Q2
"114",Jun 2000,0.023721,0.023757,0.001856,0.021865,0.021901,0.05740352444107,0.0846206874195243,0.104917468790197,2000 Q2
"115",Jul 2000,0.043245,0.054316,0.001856,0.041389,0.05246,-0.0141835180457258,0.0569760948278804,0.0818883009922868,2000 Q3
"116",Aug 2000,-0.004691,0.009427,0.001856,-0.006547,0.007571,-0.032261058517501,0.00205075713140879,-0.104159142498732,2000 Q3
"117",Sep 2000,-0.045222,-0.037549,0.001856,-0.047078,-0.039405,0.0253032976873264,-0.0536498821710337,-0.132329176204097,2000 Q3
"118",Oct 2000,0.024222,0.037849,0.001856,0.022366,0.035993,0.0718570762600377,0.06783527518029,-0.138649465528522,2000 Q4
"119",Nov 2000,0.054174,0.061115,0.001856,0.052318,0.059259,0.0354373434607413,0.0365714585937025,-0.201425549847099,2000 Q4
"120",Dec 2000,-0.002105,0.006892,0.001856,-0.003961,0.005036,-0.0767249384735327,0.0176582517470139,-0.213497413467331,2000 Q4
"121",Jan 2001,-0.010399,-0.011319,0.001856,-0.012255,-0.013175,-0.00410478833026695,0.022725697059244,-0.262657240134027,2001 Q1
"122",Feb 2001,-0.059406,-0.065414,0.001856,-0.061262,-0.06727,0.000899538379165454,-0.104844848665661,-0.337386884610168,2001 Q1
"123",Mar 2001,0.075913,0.083172,0.001856,0.074057,0.081316,0.102073360384722,-0.0815414915179613,-0.273389967474753,2001 Q1
"124",Apr 2001,-0.005454,0.003337,0.001856,-0.00731,0.001481,0.0268138716554374,-0.192066020719069,-0.280001768808417,2001 Q2
"125",May 2001,0.035145,0.053201,0.001856,0.033289,0.051345,-0.10506878212107,-0.227539065700693,-0.24635938785629,2001 Q2
"126",Jun 2001,0.00281,0.010087,0.001856,0.000954,0.008231,-0.166283545368333,-0.22486670576189,-0.336256545581392,2001 Q2
"127",Jul 2001,-0.132502,-0.133397,0.001856,-0.134358,-0.135253,-0.212157227343504,-0.276267974826541,-0.247046494623997,2001 Q3
"128",Aug 2001,-0.035222,-0.028909,0.001856,-0.037078,-0.030765,-0.135350228077599,-0.255277599649083,-0.164390446281595,2001 Q3
"129",Sep 2001,-0.052001,-0.057159,0.001856,-0.053857,-0.059015,-0.0686952599593645,-0.20539144973616,-0.127355359935439,2001 Q3
"130",Oct 2001,-0.048524,-0.055137,0.001856,-0.05038,-0.056993,-0.0793113028584151,-0.104797643189087,-0.130553252941903,2001 Q4
"131",Nov 2001,0.038675,0.051437,0.001856,0.036819,0.049581,-0.13694379690075,-0.0209158170671531,-0.132816113273772,2001 Q4
"132",Dec 2001,-0.062743,-0.070183,0.001856,-0.064599,-0.072039,-0.14550090696138,-0.138669610700403,-0.219236228045977,2001 Q4
"133",Jan 2002,-0.107725,-0.122656,0.001856,-0.109581,-0.124512,-0.0270618862704521,0.0436078934036437,-0.209393723880849,2002 Q1
"134",Feb 2002,0.028367,0.039784,0.00179285714285714,0.0265741428571429,0.0379911428571429,0.134374665560863,0.123615626765612,-0.0245101431904282,2002 Q1
"135",Mar 2002,0.066092,0.078166,0.001635,0.064457,0.076531,0.00877444462835819,0.0993620364114203,-0.042409194986566,2002 Q1
"136",Apr 2002,0.039324,0.051456,0.001635,0.037689,0.049821,0.0723783194858252,-0.0272853341234269,-0.115041390887128,2002 Q2
"137",May 2002,-0.085132,-0.087617,0.001635,-0.086767,-0.089252,-0.0100217334768544,-0.112849601896946,-0.159767149294676,2002 Q2
"138",Jun 2002,0.132984,0.118081,0.001635,0.131349,0.116446,0.089321892125241,-0.0908488366451605,-0.0384647065417705,2002 Q2
"139",Jul 2002,-0.040172,-0.036939,0.001635,-0.041807,-0.038574,-0.0928432690319355,-0.240483511896118,-0.211598316861092,2002 Q3
"140",Aug 2002,0.006221,0.008402,0.001635,0.004586,0.006767,-0.10330639375059,-0.131739694814706,-0.188139502991009,2002 Q3
"141",Sep 2002,-0.055632,-0.056255,0.001635,-0.057267,-0.05789,-0.165055571436366,-0.128694908924344,-0.21897682010239,2002 Q3
"142",Oct 2002,-0.051183,-0.055018,0.001635,-0.052818,-0.056653,-0.161373733578875,-0.0890397117222728,-0.208594801297584,2002 Q4
"143",Nov 2002,-0.062693,-0.076673,0.001635,-0.064328,-0.078308,-0.0309733239854288,-0.0510656945577702,-0.197221240175321,2002 Q4
"144",Dec 2002,-0.051492,-0.051151,0.001635,-0.053127,-0.052786,0.0442593971011154,0.0579748964201585,-0.12400434723901,2002 Q4
"145",Jan 2003,0.095492,0.102435,0.001635,0.093857,0.1008,0.0866905142611107,0.040623025910105,-0.0497443435512728,2003 Q1
"146",Feb 2003,0.00971,0.014786,0.001635,0.008075,0.013151,-0.0204737499514502,-0.0627508135388576,-0.0681307686658807,2003 Q1
"147",Mar 2003,-0.013132,-0.025631,0.001635,-0.014767,-0.027266,0.0128654276120617,-0.101019927732862,-0.00991822642620499,2003 Q1
"148",Apr 2003,-0.012054,-0.042101,0.001635,-0.013689,-0.043736,-0.0425918378793657,-0.128884320054089,0.0366079213592712,2003 Q2
"149",May 2003,0.043905,0.040771,0.001635,0.04227,0.039136,-0.0428431460136472,-0.151913741147197,-0.0566933786478369,2003 Q2
"150",Jun 2003,-0.066905,-0.066763,0.001635,-0.06854,-0.068398,-0.111958121450241,-0.170955253055274,-0.118361632807528,2003 Q2
"151",Jul 2003,-0.012312,-0.030273,0.001635,-0.013947,-0.031908,-0.0894537381994089,-0.086406309840266,-0.163120655667019,2003 Q3
"152",Aug 2003,-0.031089,-0.023909,0.001635,-0.032724,-0.025544,-0.113151973897847,-0.00502782293756621,-0.155451497233065,2003 Q3
"153",Sep 2003,-0.043389,-0.04531,0.001635,-0.045024,-0.046945,-0.0654535615318875,0.101335497522018,-0.167358085905238,2003 Q3
"154",Oct 2003,-0.03788,-0.065314,0.001635,-0.039515,-0.066949,0.00380892605472116,0.189294253490241,-0.0811322478666484,2003 Q4
"155",Nov 2003,0.020736,0.016666,0.001635,0.019101,0.015031,0.121871289748346,0.112731824929249,-0.0976176389593121,2003 Q4
"156",Dec 2003,0.027138,-0.00681,0.001635,0.025503,-0.008445,0.177879558026304,0.0647012625127157,-0.0960257784875151,2003 Q4
"157",Jan 2004,0.074728,0.088654,0.001635,0.073093,0.087019,0.183862970436756,-0.0821525049645135,-0.18232683899523,2004 Q1
"158",Feb 2004,0.071473,0.097316,0.001635,0.069838,0.095681,-0.00864248931840761,-0.149652470773106,-0.286717009583452,2004 Q1
"159",Mar 2004,0.032334,0.042688,0.001635,0.030699,0.041053,-0.096426223657589,-0.242706291972765,-0.270293257358234,2004 Q1
"160",Apr 2004,-0.099309,-0.100998,0.001635,-0.100944,-0.102633,-0.224532460139678,-0.227071131716337,-0.371113564570722,2004 Q2
"161",May 2004,-0.022937,-0.018178,0.001635,-0.024572,-0.019813,-0.141495222214361,-0.188371381388862,-0.321960686523828,2004 Q2
"162",Jun 2004,-0.113236,-0.125373,0.001635,-0.114871,-0.127008,-0.160493607499212,-0.150183755638708,-0.355358011290595,2004 Q2
"163",Jul 2004,-0.00347,-0.023368,0.001635,-0.005105,-0.025003,-0.00183953607681109,-0.10706799549751,-0.260606864096492,2004 Q3
"164",Aug 2004,-0.044436,-0.055333,0.001635,-0.046071,-0.056968,-0.053482744474087,-0.157506986259369,-0.271570149139733,2004 Q3
"165",Sep 2004,0.053374,0.052579,0.001635,0.051739,0.050944,0.0131894059357773,-0.0325553547890218,-0.167486366905099,2004 Q3
"166",Oct 2004,-0.054755,-0.068208,0.00165638709677419,-0.0564113870967742,-0.0698643870967742,-0.104896169306994,-0.180827213527057,-0.207191375002947,2004 Q4
"167",Nov 2004,0.022747,0.046472,0.001856,0.020891,0.044616,-0.109018558507525,-0.160050864546489,-0.204154494740276,2004 Q4
"168",Dec 2004,-0.068544,-0.081825,0.001856,-0.0704,-0.083681,-0.0449929130597336,-0.23664550738701,-0.223604428240941,2004 Q4
"169",Jan 2005,-0.058872,-0.070978,0.001856,-0.060728,-0.072834,-0.0836728696339643,-0.168658852333665,-0.12137345869835,2005 Q1
"170",Feb 2005,0.095784,0.107308,0.001856,0.093928,0.105452,-0.0562418306004832,-0.131649020315365,0.0266785688823472,2005 Q1
"171",Mar 2005,-0.106051,-0.124861,0.001856,-0.107907,-0.126717,-0.199255165699742,-0.137564602948024,-0.0320899277700096,2005 Q1
"172",Apr 2005,-0.030869,-0.071372,0.001856,-0.032725,-0.073228,-0.0916788430001255,-0.029321009129232,0.10411595011759,2005 Q2
"173",May 2005,-0.069291,-0.041038,0.001856,-0.071147,-0.042894,-0.0791009856217048,-0.0497135203049803,0.273684302748778,2005 Q2
"174",Jun 2005,0.013216,0.001883,0.001856,0.01136,2.70000000000001e-05,0.0778869786797876,0.0202553452608276,0.655122797118658,2005 Q2
"175",Jul 2005,-0.017531,-0.064152,0.001856,-0.019387,-0.066008,0.0687923013943057,0.0583627603287957,0.706296793023851,2005 Q3
"176",Aug 2005,0.088414,0.15716,0.001856,0.086558,0.155304,0.0321958409410708,0.181686647415583,0.640186896166264,2005 Q3
"177",Sep 2005,0.004711,0.028008,0.001856,0.002855,0.026152,-0.0535929599970709,0.122494137965003,0.561925729820216,2005 Q3
"178",Oct 2005,-0.050997,-0.059241,0.001856,-0.052853,-0.061097,-0.0100647649244742,0.136235381595675,0.632880022838569,2005 Q4
"179",Nov 2005,-0.001561,0.012967,0.001856,-0.003417,0.011111,0.143876394078203,0.336934658659092,0.754990115220545,2005 Q4
"180",Dec 2005,0.05065,0.027481,0.001856,0.048794,0.025625,0.185282317712484,0.615294059204848,0.97555434973815,2005 Q4
"181",Jan 2006,0.095752,0.089007,0.001856,0.093896,0.087151,0.147015866767511,0.605189793189459,1.15369890089439,2006 Q1
"182",Feb 2006,0.034405,0.032763,0.001856,0.032549,0.030907,0.167258150538481,0.382661877267207,1.34925320585627,2006 Q1
"183",Mar 2006,0.016889,0.011796,0.001856,0.015033,0.00994,0.360225329992942,0.386395629495086,1.51361923613574,2006 Q1
"184",Apr 2006,0.114996,0.0887,0.001856,0.11314,0.086844,0.396803852491432,0.431468995809805,1.78484413232572,2006 Q2
"185",May 2006,0.204596,0.265623,0.001856,0.20274,0.263767,0.182864964909309,0.307171548168874,2.2463049057208,2006 Q2
"186",Jun 2006,0.044123,0.068953,0.001856,0.042267,0.067097,0.0176654106794139,0.216977031390465,1.96824160696379,2006 Q2
"187",Jul 2006,-0.055101,-0.0258,0.001856,-0.056957,-0.027656,0.023051677924709,0.334788270114932,1.59930341426763,2006 Q3
"188",Aug 2006,0.037245,0.031386,0.00194825806451613,0.0352967419354839,0.0294377419354839,0.103655589074918,0.690066865640088,2.29733227159701,2006 Q3
"189",Sep 2006,0.049844,0.056025,0.002076,0.047768,0.053949,0.194658746911245,0.803036737988125,2.69085337050633,2006 Q3
"190",Oct 2006,0.019122,-0.000662,0.002076,0.017046,-0.002738,0.302827843396319,0.934134196551356,2.69107606544681,2006 Q4
"191",Nov 2006,0.122421,0.043571,0.002076,0.120345,0.041495,0.527825846583287,1.46727811170716,2.55869754471455,2006 Q4
"192",Dec 2006,0.144407,0.058109,0.002076,0.142331,0.056033,0.505590221516702,1.42271532180691,1.70304215276856,2006 Q4
"193",Jan 2007,0.194285,0.246623,0.002076,0.192209,0.244547,0.480789259987304,0.935412527911619,1.71400046656649,2007 Q1
"194",Feb 2007,0.106152,0.193729,0.002076,0.104076,0.191653,0.610135666798457,0.938359403402824,1.00950522557388,2007 Q1
"195",Mar 2007,0.125709,0.196928,0.00217535483870968,0.12353364516129,0.19475264516129,0.604332847491454,1.03322620517196,0.877085687991921,2007 Q1
"196",Apr 2007,0.298338,0.346453,0.002296,0.296042,0.344157,0.303372164985208,0.894932312333513,0.335311267795756,2007 Q2
"197",May 2007,0.102396,0.102889,0.00238783870967742,0.100008161290323,0.100501161290323,0.200185281386932,0.430216075422258,0.0489247223101741,2007 Q2
"198",Jun 2007,-0.084326,-0.154039,0.002515,-0.086841,-0.156554,0.263218232072199,0.104894757306969,-0.128339315993319,2007 Q2
"199",Jul 2007,0.196411,0.234244,0.00259270967741935,0.193818290322581,0.231651290322581,0.449405009036058,0.390749960688551,-0.272416662203793,2007 Q3
"200",Aug 2007,0.160315,0.134133,0.00280432258064516,0.157510677419355,0.131328677419355,0.188967075941646,0.0273118165681197,-0.37888071020657,2007 Q3
"201",Sep 2007,0.050194,0.044138,0.00306773333333333,0.0471262666666667,0.0410702666666667,-0.126505024602871,-0.0861157658187055,-0.570484799499329,2007 Q3
"202",Oct 2007,-0.01684,-0.087763,0.003169,-0.020009,-0.090932,-0.0431965120113208,-0.302211366140524,-0.623056615883958,2007 Q4
"203",Nov 2007,-0.144869,-0.069003,0.003169,-0.148038,-0.072172,-0.13648460195411,-0.269513236680225,-0.728602103205188,2007 Q4
"204",Dec 2007,0.149498,0.204267,0.003246,0.146252,0.201021,0.0471847274363431,-0.209712540022853,-0.627114347784361,2007 Q4
"205",Jan 2008,-0.111522,-0.066353,0.003386,-0.114908,-0.069739,-0.26755973095751,-0.476368802646176,-0.674584273842959,2008 Q1
"206",Feb 2008,0.035183,0.083884,0.003386,0.031797,0.080498,-0.150727382484729,-0.388751991668742,-0.572155979854928,2008 Q1
"207",Mar 2008,-0.19256,-0.191956,0.003386,-0.195946,-0.195342,-0.243444361682104,-0.517003007076066,-0.560080980697235,2008 Q1
"208",Apr 2008,0.028255,-0.037997,0.003386,0.024869,-0.041383,-0.277501901074272,-0.438422839811124,-0.3349289100314,2008 Q2
"209",May 2008,-0.07649,-0.033138,0.003386,-0.079876,-0.036524,-0.27515758779333,-0.60432629058465,-0.318095306219082,2008 Q2
"210",Jun 2008,-0.228425,-0.247813,0.003386,-0.231811,-0.251199,-0.3535416190871,-0.509798417959373,-0.215132837091899,2008 Q2
"211",Jul 2008,0.031545,0.088703,0.003386,0.028159,0.085317,-0.215769839946569,-0.348217349150053,0.151535680047521,2008 Q3
"212",Aug 2008,-0.174973,-0.226055,0.003386,-0.178359,-0.229441,-0.444077798868465,-0.279977915295582,0.313803774495217,2008 Q3
"213",Sep 2008,-0.066541,-0.082011,0.003386,-0.069927,-0.085397,-0.232866011657193,-0.0698988970358512,0.252856822563951,2008 Q3
"214",Oct 2008,-0.265138,-0.255566,0.003211,-0.268349,-0.258777,-0.16452725862207,0.188125859716209,0.416516566964567,2008 Q4
"215",Nov 2008,0.132124,0.19239,0.0028352,0.1292888,0.1895548,0.295232135394256,0.705999076265257,1.12646997743692,2008 Q4
"216",Dec 2008,0.01394,0.07724,0.00201212903225806,0.0119278709677419,0.075227870967742,0.211567734134021,0.589171695819237,1.03793933547534,2008 Q4
"217",Jan 2009,0.134196,0.157394,0.001856,0.13234,0.155538,0.419145182809781,0.751560912855232,1.07086090014155,2009 Q1
"218",Feb 2009,0.058518,0.08893,0.001856,0.056662,0.087074,0.314236322453008,0.81011788468359,0.667028194880657,2009 Q1
"219",Mar 2009,0.186709,0.223024,0.001856,0.184853,0.221168,0.309227720330522,0.342240411883355,0.623495432232897,2009 Q1
"220",Apr 2009,0.05068,0.076364,0.001856,0.048824,0.074508,0.231678350241586,0.188284701067087,0.399442192792102,2009 Q2
"221",May 2009,0.054501,0.071731,0.001856,0.052645,0.069875,0.374392449808854,0.2401003422109,0.226583581007594,2009 Q2
"222",Jun 2009,0.116715,0.088737,0.001856,0.114859,0.086881,0.0237964479592134,0.276270782184911,0.0634707326543988,2009 Q2
"223",Jul 2009,0.171873,0.148047,0.001856,0.170017,0.146191,-0.0361170242625048,0.176367551815915,-0.124208139107453,2009 Q3
"224",Aug 2009,-0.213406,-0.15897,0.001856,-0.215262,-0.160826,-0.0988286108295409,-0.0835406858327937,-0.162493963163405,2009 Q3
"225",Sep 2009,0.051718,0.045235,0.001856,0.049862,0.043379,0.245140635207048,0.204980287194683,0.0990010480124897,2009 Q3
"226",Oct 2009,0.096068,0.120721,0.001856,0.094212,0.118865,0.219385802771847,0.174285780033776,0.0553851099409428,2009 Q4
"227",Nov 2009,0.084983,0.145707,0.001856,0.083127,0.143851,0.017468132748278,-0.0129490203398013,0.0792220660175922,2009 Q4
"228",Dec 2009,0.030061,0.02381,0.001856,0.028205,0.021954,-0.0332031629598943,-0.1676876558793,-0.0514325842432801,2009 Q4
"229",Jan 2010,-0.084603,-0.034874,0.001856,-0.086459,-0.03673,-0.0378164795432171,-0.254766108736355,-0.0882546267437361,2010 Q1
"230",Feb 2010,0.031244,0.067721,0.001856,0.029388,0.065865,-0.029827184861219,-0.0841037931420695,-0.0230360547534787,2010 Q1
"231",Mar 2010,0.025174,0.047159,0.001856,0.023318,0.045303,-0.138114667522785,-0.0890275930386593,-0.00237109282799119,2010 Q1
"232",Apr 2010,-0.077046,-0.073324,0.001856,-0.078902,-0.07518,-0.22395868726724,-0.101942840829218,-0.0258028318779189,2010 Q2
"233",May 2010,-0.083202,-0.082809,0.001856,-0.085058,-0.084665,-0.055454940295166,0.092479866982031,0.0421027737148052,2010 Q2
"234",Jun 2010,-0.076277,-0.091289,0.001856,-0.078133,-0.093145,0.0574750582519223,0.140105515434937,0.068218877057381,2010 Q2
"235",Jul 2010,0.121927,0.148569,0.001856,0.120071,0.146713,0.157704791263155,0.22407752122909,0.186012574484558,2010 Q3
"236",Aug 2010,0.025767,0.089771,0.001856,0.023911,0.087915,0.156030836832687,0.0669711928198324,0.0417772995788468,2010 Q3
"237",Sep 2010,0.010816,0.008997,0.001856,0.00896,0.007141,0.0774124017469326,0.0951961016215379,-0.0340915898785558,2010 Q3
"238",Oct 2010,0.120389,0.094603,0.00193496774193548,0.118454032258065,0.0926680322580645,0.0562285155999278,0.0852314737917659,-0.133068847179779,2010 Q4
"239",Nov 2010,-0.043472,0.014543,0.00206,-0.045532,0.012483,-0.0775284157782592,-0.0468159330332686,-0.195589881093936,2010 Q4
"240",Dec 2010,-0.008723,-0.020313,0.00209929032258065,-0.0108222903225806,-0.0224122903225806,0.0159317044749225,-0.0642041981973261,-0.202717366021551,2010 Q4
"241",Jan 2011,-0.02033,-0.053785,0.002263,-0.022593,-0.056048,0.026922483276558,-0.0335590577952229,-0.256940117038704,2011 Q1
"242",Feb 2011,0.053127,0.094811,0.002408,0.050719,0.092403,0.0336913091978899,-0.0243265580808218,-0.215307960097512,2011 Q1
"243",Mar 2011,0.002287,-0.010777,0.002466,-0.000179,-0.013243,-0.0784772276975626,-0.118094261671082,-0.201807047746714,2011 Q1
"244",Apr 2011,-0.013563,-0.036504,0.00263516666666667,-0.0161981666666667,-0.0391391666666667,-0.0586965969971504,-0.200012064022126,-0.261296842157783,2011 Q2
"245",May 2011,-0.060059,-0.073573,0.002669,-0.062728,-0.076242,-0.0559861630344302,-0.153001716040126,-0.204346720175696,2011 Q2
"246",Jun 2011,0.023841,0.035005,0.002669,0.021172,0.032336,-0.0419214979652729,-0.144582675992498,-0.151868750713402,2011 Q2
"247",Jul 2011,-0.010541,0.027272,0.00283190322580645,-0.0133729032258065,0.0244400967741936,-0.148331505277349,-0.226965754838544,-0.215837232867621,2011 Q3
"248",Aug 2011,-0.045975,-0.022195,0.002871,-0.048846,-0.025066,-0.101377179280215,-0.192201650410217,-0.252276756039078,2011 Q3
"249",Sep 2011,-0.08867,-0.120641,0.002871,-0.091541,-0.123512,-0.105847745513193,-0.0909238175609233,-0.233306885363777,2011 Q3
"250",Oct 2011,0.04351,0.044183,0.002871,0.040639,0.041312,-0.089917439161287,-0.0707948114990585,-0.133796072577654,2011 Q4
"251",Nov 2011,-0.050676,-0.041127,0.002871,-0.053547,-0.043998,-0.0991432924390855,-0.0563612287137998,-0.178957610513819,2011 Q4
"252",Dec 2011,-0.072589,-0.153333,0.002871,-0.07546,-0.156204,0.01754363071983,-0.00547555713914871,-0.18667858234923,2011 Q4
"253",Jan 2012,0.033031,-0.006151,0.002871,0.03016,-0.009022,0.0216598151754639,0.0190179636941166,0.0175530311776495,2012 Q1
"254",Feb 2012,0.071121,0.13338,0.002871,0.06825,0.130509,0.0479809837410197,-0.0688883920728443,0.0363811626731139,2012 Q1
"255",Mar 2012,-0.068869,-0.074742,0.002871,-0.07174,-0.077613,-0.0225795612574655,-0.152080614282872,-0.0336653031575599,2012 Q1
"256",Apr 2012,0.059422,0.067141,0.002871,0.056551,0.06427,-0.0027424794578994,-0.0653622082280881,-0.0139424739991205,2012 Q2
"257",May 2012,-0.000408,0.025258,0.002871,-0.003279,0.022387,-0.110975118164887,-0.126659161205858,-0.0935995270393477,2012 Q2
"258",Jun 2012,-0.050284,-0.055582,0.00271613333333333,-0.0530001333333333,-0.0582981333333333,-0.131155726412518,-0.178994459741228,-0.0209293250130573,2012 Q2
"259",Jul 2012,-0.054982,-0.095576,0.00249874193548387,-0.0574807419354839,-0.0980747419354839,-0.0622420603607302,-0.00168758412383818,-0.109969818200526,2012 Q3
"260",Aug 2012,-0.023347,0.027085,0.002466,-0.025813,0.024619,-0.01656502500463,0.112134296064481,-0.029564338519962,2012 Q3
"261",Sep 2012,0.02411,0.009494,0.002466,0.021644,0.007028,-0.0534668027236587,0.139622858152031,0.0485247660208721,2012 Q3
"262",Oct 2012,-0.009347,0.002608,0.002466,-0.011813,0.000142,0.0645531326761692,0.0551136591165682,0.0673642168975928,2012 Q4
"263",Nov 2012,-0.05972,-0.109759,0.002466,-0.062186,-0.112225,0.130011617512181,0.0393118423163861,0.0560267569428754,2012 Q4
"264",Dec 2012,0.15081,0.170955,0.002466,0.148344,0.168489,0.202826453057464,0.192219407650701,0.175772540335091,2012 Q4
"265",Jan 2013,0.051146,0.064163,0.002466,0.04868,0.061697,-0.00925233160402716,-0.106843244789729,-0.0254408062862057,2013 Q1
"266",Feb 2013,0.000474,0.04828,0.002466,-0.001992,0.045814,-0.0805888240394373,-0.127209637071021,-0.097279032910009,2013 Q1
"267",Mar 2013,-0.050854,-0.033663,0.002466,-0.05332,-0.036129,-0.0100072974542212,-0.0807067063744673,-0.0864114945830591,2013 Q1
"268",Apr 2013,-0.023977,-0.027986,0.002466,-0.026443,-0.030452,-0.097701682938897,0.010682280024837,-0.0550274498487292,2013 Q2
"269",May 2013,0.076664,0.145539,0.002466,0.074198,0.143073,-0.0496566499585274,0.0153003876529549,-0.0368710738053906,2013 Q2
"270",Jun 2013,-0.134305,-0.155061,0.002466,-0.136771,-0.157527,-0.0708086602152521,-0.0159957140204915,-0.0946360753058327,2013 Q2
"271",Jul 2013,0.02757,0.071334,0.002466,0.025104,0.068868,0.119937117456642,0.0913976021645773,0.0781835170581591,2013 Q3
"272",Aug 2013,0.052886,0.087464,0.002466,0.05042,0.084998,0.0682063678420985,0.0358513381821974,0.139180501785439,2013 Q3
"273",Sep 2013,0.041999,0.057423,0.002466,0.039533,0.054957,0.0590835282821514,-0.00482055039480223,0.0998894522278082,2013 Q3
"274",Oct 2013,-0.019582,-0.023135,0.002466,-0.022048,-0.025601,-0.0261045033288961,-0.0642265037897243,0.14048731898135,2013 Q4
"275",Nov 2013,0.043956,0.087683,0.002466,0.04149,0.085217,-0.030550552683672,-0.0508637754082359,0.190378820421831,2013 Q4
"276",Dec 2013,-0.041232,-0.0325,0.002466,-0.043698,-0.034966,-0.0603303049782739,-0.0784892062481628,0.248519219284662,2013 Q4
"277",Jan 2014,-0.024024,0.022638,0.002466,-0.02649,0.020172,-0.0386507167763792,-0.0131745137613211,0.50587908871484,2014 Q1
"278",Feb 2014,0.012131,0.042109,0.002466,0.009665,0.039643,-0.0205623473224418,0.0978315645036485,0.563740281364207,2014 Q1
"279",Mar 2014,-0.019285,-0.025239,0.002466,-0.021751,-0.027705,-0.0187010229322496,0.103737447151479,0.615784311766595,2014 Q1
"280",Apr 2014,-0.005801,-0.012449,0.002466,-0.008267,-0.014915,0.0265934796520653,0.216344199410427,0.90655303049627,2014 Q2
"281",May 2014,0.01404,0.031335,0.002466,0.011574,0.028869,0.120125589177953,0.25103098663094,1.26840300585054,2014 Q2
"282",Jun 2014,0.025643,0.050456,0.002466,0.023177,0.04799,0.123976203964731,0.350462075500612,1.42788360199277,2014 Q2
"283",Jul 2014,0.08413,0.079439,0.002466,0.081664,0.076973,0.183318868916203,0.518358268797306,1.18080771068898,2014 Q3
"284",Aug 2014,0.017503,0.064888,0.002466,0.015037,0.062422,0.115307928754373,0.417444521364733,0.705479278644778,2014 Q3
"285",Sep 2014,0.079439,0.145186,0.002466,0.076973,0.14272,0.199377339772704,0.456428942215232,0.434914091329534,2014 Q3
"286",Oct 2014,0.022208,0.021251,0.002466,0.019742,0.018785,0.280270957465942,0.558159400646573,0.257323278267204,2014 Q4
"287",Nov 2014,0.093638,0.066668,0.0024051,0.0912329,0.0642629,0.268396760434843,0.801008263400461,0.405818511098861,2014 Q4
"288",Dec 2014,0.151617,-0.030531,0.002263,0.149354,-0.032794,0.211890361744763,0.78584208859914,0.335407552985099,2014 Q4
"289",Jan 2015,0.012618,0.080682,0.002263,0.010355,0.078419,0.214411841544266,0.427916437500133,0.204602770282766,2015 Q1
"290",Feb 2015,0.04506,0.082388,0.002263,0.042797,0.080125,0.416275712816255,0.19770647433759,-0.111527042174697,2015 Q1
"291",Mar 2015,0.153807,0.236307,0.00206,0.151747,0.234247,0.469903520846967,-0.0181036219431842,-0.168588485236149,2015 Q1
"292",Apr 2015,0.17986,0.193956,0.00206,0.1778,0.191896,0.173835151491215,-0.195131534989575,-0.177244814553284,2015 Q2
"293",May 2015,0.084202,0.326876,0.0019218064516129,0.0822801935483871,0.324954193548387,-0.15521852745179,-0.22217978361759,-0.318854939600784,2015 Q2
"294",Jun 2015,-0.077816,-0.084018,0.0018356,-0.0796516,-0.0858536,-0.332264096335897,-0.254443169440265,-0.374917413776318,2015 Q2
"295",Jul 2015,-0.149658,-0.162964,0.001652,-0.15131,-0.164616,-0.313468086724627,-0.15759782574237,-0.303141988803979,2015 Q3
"296",Aug 2015,-0.141968,-0.144868,0.00161232258064516,-0.143580322580645,-0.146480322580645,-0.0779451543228014,-0.256999494402904,-0.165967823224954,2015 Q3
"297",Sep 2015,-0.052589,-0.03714,0.001447,-0.054036,-0.038587,0.117678035970997,-0.151389227649961,0.016432252228336,2015 Q3
"298",Oct 2015,0.139752,0.228882,0.00139383870967742,0.138358161290323,0.227488161290323,0.227250109489001,0.0237590924277351,0.0525507829068879,2015 Q4
"299",Nov 2015,0.038851,0.125357,0.001241,0.03761,0.124116,-0.192942225150203,-0.120620610030595,-0.0503131930909947,2015 Q4
"300",Dec 2015,0.039778,0.072962,0.001241,0.038537,0.071721,-0.240251587522857,-0.157098447240336,-0.0465328474613863,2015 Q4
"301",Jan 2016,-0.249394,-0.288149,0.001241,-0.250635,-0.28939,-0.165975942376324,-0.169640003770119,-0.128550152702023,2016 Q1
"302",Feb 2016,-0.021766,-0.020677,0.001241,-0.023007,-0.021918,0.090086515004417,0.123736258948222,0.177316610987989,2016 Q1
"303",Mar 2016,0.140934,0.194471,0.001241,0.139693,0.19323,0.110086896785624,0.197272461632401,0.236621706352323,2016 Q1
"304",Apr 2016,-0.019968,0.000143,0.001241,-0.021209,-0.001098,-0.00363516524936136,0.0277435808576512,0.0760677408082446,2016 Q2
"305",May 2016,-0.003879,-0.009437,0.001241,-0.00512,-0.010678,0.0304566693032633,0.0802936992454681,0.0718205317408156,2016 Q2
"306",Jun 2016,0.024443,0.068074,0.001241,0.023202,0.066833,0.077908126546977,0.131400330483014,0.0555453870853504,2016 Q2
"307",Jul 2016,0.01344,-0.000337,0.001241,0.012199,-0.001578,0.0313893944632719,0.0505555537659921,0.074017792021285,2016 Q3
"308",Aug 2016,0.041826,0.057596,0.001241,0.040585,0.056355,0.0480799209557599,0.046548707013683,0.0907928987183844,2016 Q3
"309",Sep 2016,-0.019616,-0.003396,0.001241,-0.020857,-0.004637,0.0491864215299906,0.0314389319290582,0.0754196805308971,2016 Q3
"310",Oct 2016,0.029781,0.047199,0.001241,0.02854,0.045958,0.0184028966722602,0.0464802434615952,0.105833644779706,2016 Q4
"311",Nov 2016,0.042922,0.039448,0.001241,0.041681,0.038207,-0.00162618887058819,-0.00834087359886493,0.0887292240431174,2016 Q4
"312",Dec 2016,-0.048279,-0.045215,0.001241,-0.04952,-0.046456,-0.0170297263134362,-0.0674672496014502,0.0159235455676525,2016 Q4
"313",Jan 2017,0.009602,-0.024032,0.001241,0.008361,-0.025273,0.027402320181334,0.0218186134221836,0.0691797671091108,2017 Q1
"314",Feb 2017,0.026891,0.057966,0.001241,0.02565,0.056725,-0.00669455475044434,0.0416468402938668,0.101104628504087,2017 Q1
"315",Mar 2017,-0.005422,-0.01479,0.001241,-0.006663,-0.016031,-0.051053157319244,0.0421076012771415,0.0105617004549821,2017 Q1
"316",Apr 2017,-0.023783,-0.057811,0.001241,-0.025024,-0.059052,-0.00551419566195277,0.0559858327659104,0.00101328252638355,2017 Q2
"317",May 2017,-0.018796,-0.075439,0.001241,-0.020037,-0.07668,0.0485102765356153,0.097217144292304,-0.00870949494955897,2017 Q2
"318",Jun 2017,0.04212,0.03822,0.001241,0.040879,0.036979,0.097988419887816,0.089249519995803,0.0120222210074747,2017 Q2
"319",Jul 2017,0.029051,-0.008263,0.001241,0.02781,-0.009504,0.0616306910256235,0.045855191890944,-0.107180732713465,2017 Q3
"320",Aug 2017,0.027342,0.048424,0.001241,0.026101,0.047183,0.0461169853657482,0.0563776772939473,-0.122342845938467,2017 Q3
"321",Sep 2017,0.007729,0.017957,0.001241,0.006488,0.016716,-0.00826362088725829,-0.0303554824835666,-0.195557585712264,2017 Q3
"322",Oct 2017,0.014066,-0.01339,0.001241,0.012825,-0.014631,-0.0150233352158826,-0.0520856243836649,-0.180854991048343,2017 Q4
"323",Nov 2017,-0.025873,-0.066652,0.001241,-0.027114,-0.067893,0.00960978906744581,-0.0965457516936175,-0.264330097763463,2017 Q4
"324",Dec 2017,0.000886,-0.017321,0.001241,-0.000355,-0.018562,-0.0221615828517524,-0.0710245197604706,-0.238368524864425,2017 Q4
"325",Jan 2018,0.039331,-0.027878,0.001241,0.03809,-0.029119,-0.0374290759527259,-0.145613671744727,-0.272102432066784,2018 Q1
"326",Feb 2018,-0.056415,-0.051393,0.001241,-0.057656,-0.052634,-0.104793685940859,-0.168390423455354,-0.277176645879667,2018 Q1
"327",Mar 2018,-0.014682,0.055855,0.001241,-0.015923,0.054614,-0.0496964289190069,-0.168839492433337,-0.111743715316509,2018 Q1
"328",Apr 2018,-0.033125,-0.039961,0.001241,-0.034366,-0.041202,-0.111813346676333,-0.134375703414942,-0.0388607280877931,2018 Q2
"329",May 2018,0.001419,-0.007118,0.001241,0.000178,-0.008359,-0.070312292931562,-0.183399871630815,-0.0140181030633615,2018 Q2
"330",Jun 2018,-0.078836,-0.107208,0.001241,-0.080077,-0.108449,-0.124689648355737,-0.178134947382654,-0.0756908064718266,2018 Q2
"331",Jul 2018,0.011864,-0.001924,0.001241,0.010623,-0.003165,-0.0248292458583336,-0.145501370233757,0.0394721514165217,2018 Q3
"332",Aug 2018,-0.05692,-0.083198,0.001241,-0.058161,-0.084439,-0.120873824873183,-0.128150659541497,0.0246586613677362,2018 Q3
"333",Sep 2018,0.02581,-0.006867,0.001241,0.024569,-0.008108,-0.0602710061572905,0.0695859764087767,0.0767206706879138,2018 Q3
"334",Oct 2018,-0.087415,-0.09314,0.001241,-0.088656,-0.094381,-0.123178843941651,0.110547900386891,0.056512757488463,2018 Q4
"335",Nov 2018,0.007817,0.0541,0.001241,0.006576,0.052859,-0.00773204209108225,0.207205406694814,0.17359024614952,2018 Q4
"336",Dec 2018,-0.042589,-0.041,0.001241,-0.04383,-0.042241,0.137877723149379,0.125130082260815,0.146068579486279,2018 Q4
"337",Jan 2019,0.032232,-0.021831,0.001241,0.030991,-0.023072,0.265954498274954,0.215855277097092,0.28057518362166,2019 Q1
"338",Feb 2019,0.155155,0.224835,0.001241,0.153914,0.223594,0.21583054706293,0.174870083556951,0.224785348400582,2019 Q1
"339",Mar 2019,0.064823,0.105525,0.001241,0.063582,0.104284,-0.0116166212767905,0.00614169768868122,0.0472598790550787,2019 Q1
"340",Apr 2019,-0.008518,-0.038638,0.001241,-0.009759,-0.039879,-0.0402388899044924,-0.0490697714159064,-0.0728995162639274,2019 Q2
"341",May 2019,-0.060281,-0.04886,0.001241,-0.061522,-0.050101,-0.0342460075205618,-0.0289483357816473,-0.0202942439421488,2019 Q2
"342",Jun 2019,0.034103,0.005273,0.001241,0.032862,0.004032,0.0179431750323864,0.0176619255996169,0.0464023279592178,2019 Q2
"343",Jul 2019,-0.002351,-0.017165,0.001241,-0.003592,-0.018406,-0.00900984707280839,0.051587013631464,0.0882063008420961,2019 Q3
"344",Aug 2019,-0.009694,-0.010896,0.001241,-0.010935,-0.012137,0.00559611222466772,0.0411126814137148,0.235408199070612,2019 Q3
"345",Sep 2019,0.006822,0.016178,0.001241,0.005581,0.014937,-0.000340750475100959,0.0405207863450421,0.282026216194026,2019 Q3
"346",Oct 2019,0.012298,-0.004323,0.001241,0.011057,-0.005564,0.0609524103506278,-0.0244816896413402,0.200948761030067,2019 Q4
"347",Nov 2019,-0.015519,-0.020542,0.001241,-0.01676,-0.021783,0.0351678136440363,0.00906502034862089,0.199040100582519,2019 Q4
"348",Dec 2019,0.068325,0.083749,0.001241,0.067084,0.082508,0.0407248770763564,0.0279071466552421,0.270014068064649,2019 Q4
"349",Jan 2020,-0.012218,0.003488,0.001241,-0.013459,0.002247,-0.0804573251417243,0.0342134612073235,0.219727558713607,2020 Q1
"350",Feb 2020,-0.010253,-0.000104,0.001241,-0.011494,-0.001345,-0.0252517093758466,0.185000767170198,0.233526243065215,2020 Q1
"351",Mar 2020,-0.055627,-0.036235,0.001241,-0.056868,-0.037476,-0.0124175464031989,0.230157531576735,0.250964583132199,2020 Q1
"352",Apr 2020,0.046845,0.021044,0.001241,0.045604,0.019803,0.124525505942013,0.229517994216526,0.293335998889776,2020 Q2
"353",May 2020,0.002729,0.02198,0.001241,0.001488,0.020739,0.214973718443476,0.186818485633028,0.253301670024952,2020 Q2
"354",Jun 2020,0.074832,0.06913,0.001241,0.073591,0.067889,0.244748209299892,0.233633397132059,0.312385061916171,2020 Q2
"355",Jul 2020,0.130767,0.135538,0.001241,0.129526,0.134297,0.0926461461854475,0.17784548985571,0.226157385833902,2020 Q3
"356",Aug 2020,0.027227,0.038063,0.001241,0.025986,0.036822,-0.0237601885230523,0.0395344814147813,0.0371857940945408,2020 Q3
"357",Sep 2020,-0.056115,-0.069785,0.001241,-0.057356,-0.071026,-0.00963345922445447,0.0154230458160496,0.0505968424034824,2020 Q3
"358",Oct 2020,0.010709,0.00564,0.001241,0.009468,0.004399,0.0773951332051075,0.0502056173995737,0.116961666093877,2020 Q4
"359",Nov 2020,0.042035,0.029737,0.001241,0.040794,0.028496,0.06467892377617,0.0544992761356273,0.102706789001896,2020 Q4
"360",Dec 2020,0.026518,-0.034846,0.001241,0.025277,-0.036087,0.0252414870464368,0.0620469478414867,0.0782082956202184,2020 Q4
"361",Jan 2021,-0.001179,-0.06653,0.001241,-0.00242,-0.067771,-0.025416184686231,0.0396380353762287,0.0700389743578307,2021 Q1
"362",Feb 2021,0.003571,0.032273,0.001241,0.00233,0.031032,-0.00975354023186825,-0.0025252786363501,-0.0219218345185439,2021 Q1
"363",Mar 2021,-0.024019,0.021746,0.001241,-0.02526,0.020505,0.0356778155344695,0.0342739931062315,0.00238420187183341,2021 Q1
"364",Apr 2021,0.014812,0.002728,0.001241,0.013571,0.001487,0.0665932743914202,0.0627613124961288,-0.0431464468063473,2021 Q2
"365",May 2021,0.049441,0.061486,0.001241,0.0482,0.060245,0.00730866049758405,0.045011178740189,-0.130869309619291,2021 Q2
"366",Jun 2021,0.00501,0.02957,0.001241,0.003769,0.028329,-0.00147855282271458,0.01467758237341,-0.129202899816273,2021 Q2
"367",Jul 2021,-0.041398,-0.00435,0.001241,-0.042639,-0.005591,-0.00381212445109225,0.0287505211404093,-0.0566383754980893,2021 Q3
"368",Aug 2021,0.04032,0.071206,0.001241,0.039079,0.069965,0.0372640180815256,-0.0192823648951546,-0.0453712712742572,2021 Q3
"369",Sep 2021,0.00267,-0.015292,0.001241,0.001429,-0.016533,0.0161253795856968,-0.0308576917513477,-0.101250967035812,2021 Q3
"370",Oct 2021,-0.002019,-0.019532,0.001241,-0.00326,-0.020773,0.0325796088028341,-0.099395912444097,-0.162663746175995,2021 Q4
"371",Nov 2021,0.019195,0.101947,0.001241,0.017954,0.100706,-0.0544531646221471,-0.167429908266794,-0.19628384548712,2021 Q4
"372",Dec 2021,0.018847,0.034788,0.001241,0.017606,0.033547,-0.0461274130477386,-0.140870295840844,-0.139900008585163,2021 Q4
"373",Jan 2022,-0.085833,-0.090214,0.001241,-0.087074,-0.091455,-0.127468922123108,-0.0826114785739669,-0.170622534235067,2022 Q1
"374",Feb 2022,0.028134,0.050081,0.001241,0.026893,0.04884,-0.118799954983536,-0.0262550404171371,-0.031939184550847,2022 Q1
"375",Mar 2022,-0.067697,-0.046584,0.001241,-0.068938,-0.047825,-0.0987582671003708,-0.0718431010043907,-0.055085285986211,2022 Q1
"376",Apr 2022,-0.076789,-0.149569,0.001241,-0.07803,-0.15081,0.0517342646933077,-0.0688477709344465,0.00868751862515493,2022 Q2
"377",May 2022,0.051419,0.105254,0.001241,0.050178,0.104013,0.105079498992068,-0.0328214986294961,0.0920046793931006,2022 Q2
"378",Jun 2022,0.087341,0.073196,0.001241,0.0861,0.071955,0.030148313252788,0.00238518546298683,0.00298133216123597,2022 Q2
"379",Jul 2022,-0.030128,0.02938,0.001241,-0.031369,0.028139,-0.114431712580502,-0.0944551760084575,-0.0627667704743516,2022 Q3
"380",Aug 2022,-0.019634,-0.028249,0.001241,-0.020875,-0.02949,-0.1247401114669,-0.00557797491957102,0.00287003448194234,2022 Q3
"381",Sep 2022,-0.064646,-0.088259,0.00130713333333333,-0.0659531333333333,-0.0895661333333333,-0.0269713254996967,0.0185373590368823,-0.0346149155503301,2022 Q3
"382",Oct 2022,-0.041234,0.029768,0.001365,-0.042599,0.028403,0.0229892547690507,0.0832023928186645,0.0272960385174779,2022 Q4
"383",Nov 2022,0.089526,0.085544,0.001365,0.088161,0.084179,0.136119907390336,0.128324686999443,0.0436136201809616,2022 Q4
"384",Dec 2022,-0.016763,-0.038664,0.001365,-0.018128,-0.040029,0.0466898225887284,0.000570740560746685,-0.0416575491948855,2022 Q4
"385",Jan 2023,0.064371,0.077033,0.001365,0.063006,0.075668,0.0585332127142948,0.0355404939459221,-0.0447858567659821,2023 Q1
"386",Feb 2023,0.004072,0.032681,0.001365,0.002707,0.031316,-0.00732612036598335,0.00847303163213797,-0.181301644038907,2023 Q1
"387",Mar 2023,-0.005681,-0.015159,0.001365,-0.007046,-0.016524,-0.0440720978213985,-0.0519185403531837,-0.112532862363815,2023 Q1
"388",Apr 2023,-0.001596,-0.029947,0.001365,-0.002961,-0.031312,-0.0218633545226005,-0.0518436732791391,-0.0920173464992408,2023 Q2
"389",May 2023,-0.032943,0.000391,0.001365,-0.034308,-0.000974,0.015880416159604,-0.0754432293939303,-0.0748998792660227,2023 Q2
"390",Jun 2023,0.017321,0.024932,0.001365,0.015956,0.023567,-0.0079848888602313,-0.0418648990429915,-0.0498575762624481,2023 Q2
"391",Jul 2023,0.036769,0.018152,0.001365,0.035404,0.016787,-0.0304330385783234,-0.0772273350294232,-0.10361993819499,2023 Q3
"392",Aug 2023,-0.05557,-0.041538,0.001365,-0.056935,-0.042903,-0.0895959361181027,-0.18672419065366,-0.135275523294102,2023 Q3
"393",Sep 2023,-0.005689,0.000357,0.001283,-0.006972,-0.000926,-0.0339812300750295,-0.0629688819166845,-0.112572425163017,2023 Q3
"394",Oct 2023,-0.026321,-0.009959,0.001283,-0.027604,-0.011242,-0.0479434189427882,-0.0415996075222269,0.0706038316463158,2023 Q4
"395",Nov 2023,0.00179,0.03428,0.001283,0.000507,0.032997,-0.10585004965565,0.00118800248030393,0.0963088074561718,2023 Q4
"396",Dec 2023,-0.020003,-0.020632,0.001283,-0.021286,-0.021915,-0.029755582932646,-0.00795241390646717,0.105273346340551,2023 Q4
"397",Jan 2024,-0.085304,-0.175534,0.001283,-0.086587,-0.176817,0.00682192932700354,-0.0277518587575042,0.125232344780491,2024 Q1
"398",Feb 2024,0.086599,0.05318,0.00121144827586207,0.0853875517241379,0.0519685517241379,0.119621736153005,0.0643009470274116,NA,2024 Q1
"399",Mar 2024,0.016715,0.050299,0.0012,0.015515,0.049099,0.0224946805614241,-0.0520333965669594,NA,2024 Q1
"400",Apr 2024,0.016724,-0.019065,0.0012,0.015524,-0.020265,-0.0342381593344147,0.116459735035535,NA,2024 Q2
"401",May 2024,-0.007371,-0.012819,0.0012,-0.008571,-0.014019,-0.0496333496756891,0.094294844317762,NA,2024 Q2
"402",Jun 2024,-0.039499,-0.086984,0.0012,-0.040699,-0.088184,-0.0727093079654445,0.11334303323926,NA,2024 Q2
"403",Jul 2024,0.00056,0.010689,0.00118412903225806,-0.000624129032258064,0.00950487096774194,0.155581175248451,0.156368144976565,NA,2024 Q3
"404",Aug 2024,-0.031468,-0.033685,0.001118,-0.032586,-0.034803,0.151049935185142,NA,NA,2024 Q3
"405",Sep 2024,0.195992,0.227078,0.001118,0.194874,0.22596,0.200147292233042,NA,NA,2024 Q3
"406",Oct 2024,-0.003409,0.07022,0.001118,-0.004527,0.069102,0.000228270636067007,NA,NA,2024 Q4
"407",Nov 2024,0.009724,0.045312,0.001118,0.008606,0.044194,NA,NA,NA,2024 Q4
"408",Dec 2024,-0.002679,-0.040799,0.001118,-0.003797,-0.041917,NA,NA,NA,2024 Q4
